header row 1 column 1,header row 1 column 2,header row 1 column 3
header row 2 column 1,header row 2 column 2,header row 2 column 3
6/7/18,108,3.98
6/8/18,126,3.698
6/9/18,144,2.680866804
6/10/18,162,2.680866804
6/11/18,180,2.048
6/12/18,198,1.415133196
6/13/18,216,3.251784197
6/14/18,234,0.391133196
6/15/18,252,0.15
6/16/18,270,2.048
6/17/18,288,0.100236255